{
  "accuracy": [
    0.8134722113609314
  ],
  "auc": [
    0.9832987785339355
  ],
  "loss": [
    0.5334596633911133
  ],
  "val_accuracy": [
    0.8691666722297668
  ],
  "val_auc": [
    0.9923445582389832
  ],
  "val_loss": [
    0.5154600739479065
  ],
  "learning_rate": [
    0.0010000000474974513
  ]
}